{
  "project_info": {
    "project_number": "56703318087",
    "firebase_url": "https://databasesh-73770.firebaseio.com",
    "project_id": "databasesh-73770",
    "storage_bucket": "databasesh-73770.appspot.com"
  },
  "client": [
    {
      "client_info": {
        "mobilesdk_app_id": "1:56703318087:android:6439a5bdbfd1c6c3b4d962",
        "android_client_info": {
          "package_name": "com.shweta.Smartapp"
        }
      },
      "oauth_client": [
        {
          "client_id": "56703318087-ak81rr6827n9l729fdldbb3incvktc8l.apps.googleusercontent.com",
          "client_type": 1,
          "android_info": {
            "package_name": "com.shweta.Smartapp",
            "certificate_hash": "01094735f453a1ffabcf69b936e5c66d4aa5b874"
          }
        },
        {
          "client_id": "56703318087-g35tqg8jre9cn9nqmdmlmv09rprcvt3q.apps.googleusercontent.com",
          "client_type": 3
        }
      ],
      "api_key": [
        {
          "current_key": "AIzaSyBhHXAx3YzF7ksTONzU-NeLffyTVSUXSWg"
        }
      ],
      "services": {
        "appinvite_service": {
          "other_platform_oauth_client": [
            {
              "client_id": "56703318087-g35tqg8jre9cn9nqmdmlmv09rprcvt3q.apps.googleusercontent.com",
              "client_type": 3
            }
          ]
        }
      }
    }
  ],
  "configuration_version": "1"
}